"Id";"Designator";"Package";"Quantity";"Designation";"Supplier and ref";
1;"R5";"R_Axial_DIN0207_L6.3mm_D2.5mm_P2.54mm_Vertical";1;"3k3";;;
2;"R5,R3,R2,R2,R3,R3,R2,R2,R3,R3,R2";"R_Axial_DIN0207_L6.3mm_D2.5mm_P2.54mm_Vertical";11;"2k2";;;
3;"REF**,REF**,REF**,REF**,REF**,REF**,REF**";"SolderWirePad_single_0-8mmDrill";7;"SolderWirePad_single_0-8mmDrill";;;
4;"REF**,REF**,REF**,REF**,REF**,REF**,REF**,REF**,REF**,REF**,REF**,REF**";"SolderWirePad_2x_0-8mmDrill";12;"SolderWirePad_2x_0-8mmDrill";;;
5;"D2,D2,D2,D2,D1,D2";"LED_D4.0mm";6;"LED";;;
6;"J2,J2,J2,J2,J2";"Screw_Terminal_1x03";5;"Screw_Terminal_01x03";;;
7;"K1,K1,K1,K1,K1";"Relay_SPDT_SANYOU_SRD_Series_Form_C";5;"SANYOU_SRD_Form_C";;;
8;"Q1,Q1,Q1,Q1,Q1";"TO-92_Molded_Narrow";5;"BC547";;;
9;"U3,U3,U3,U3,U3";"PDIP-8";5;"MID400";;;
10;"R4,R4,R4,R4,R4";"R_Axial_DIN0617_L17.0mm_D6.0mm_P5.08mm_Vertical";5;"33k";;;
11;"R5,R5,R5,R5,R5";"R_Axial_DIN0207_L6.3mm_D2.5mm_P2.54mm_Vertical";5;"10k";;;
12;"D3,D3,D3,D3,D3";"D_A-405_P5.08mm_Vertical_AnodeUp";5;"4007";;;
13;"REF**,REF**";"SolderWirePad_4xInline_0-8mmDrill";2;"SolderWirePad_4xInline_0-8mmDrill";;;
14;"C1";"CP_Radial_D5.0mm_P2.50mm";1;"100 µF";;;
15;"J1";"Screw_Terminal_1x02";1;"Screw_Terminal_01x02";;;
16;"5V Power Block";"5VPowerSupply";1;"5VPowerSupply";;;
17;"U2";"D1_mini_board";1;"WeMos_mini";;;
